Review,Label
The lecture was very clear and easy to understand,Positive
I enjoyed working on the project today,Positive
The assignment helped me understand the concept better,Positive
Group discussion was productive and insightful,Positive
The professor explained doubts patiently,Positive
I managed to complete all my tasks on time,Positive
The lab session went smoothly without issues,Positive
Studying with friends made learning fun,Positive
The notes provided were well structured,Positive
I feel confident about the upcoming exam,Positive
The online resources were extremely helpful,Positive
I learned something new and useful today,Positive
The timetable worked perfectly today,Positive
I stayed focused throughout the study session,Positive
The practice problems improved my confidence,Positive
The class interaction was engaging,Positive
I understood the topic faster than expected,Positive
The revision session cleared my doubts,Positive
I feel motivated after today's progress,Positive
The feedback given was encouraging,Positive
The lecture felt boring and confusing,Negative
I couldn’t concentrate during the class,Negative
The workload feels overwhelming,Negative
I am stressed about pending assignments,Negative
The explanation was unclear and rushed,Negative
I missed an important deadline today,Negative
The lab equipment was not working properly,Negative
The syllabus feels too vast to cover,Negative
I feel tired and unmotivated,Negative
The test was harder than expected,Negative
I struggled to understand the topic,Negative
The schedule feels poorly planned,Negative
I wasted a lot of time today,Negative
The instructions were confusing,Negative
I am falling behind in this subject,Negative
The class pace is too fast,Negative
I feel anxious about the exams,Negative
The group work was unproductive,Negative
The lecture slides were poorly made,Negative
I did not understand anything today,Negative
Today’s class was average,Neutral
The lecture covered the planned topics,Neutral
I attended all my classes today,Neutral
The day went as expected,Neutral
I completed some tasks and postponed others,Neutral
The session was neither good nor bad,Neutral
I revised the notes briefly,Neutral
The professor discussed the syllabus,Neutral
I studied for an hour today,Neutral
The lab session was okay,Neutral
I followed my usual routine,Neutral
The class ended on time,Neutral
I noted down the important points,Neutral
The topic was familiar,Neutral
I listened but did not actively participate,Neutral
The workload was manageable today,Neutral
I spent time reviewing previous topics,Neutral
The assignment was discussed in class,Neutral
I checked my academic calendar,Neutral
Nothing unusual happened today,Neutral
I attended the seminar as scheduled,Neutral
The content was similar to last week,Neutral
I practiced a few problems,Neutral
The class was conducted online,Neutral
I reviewed the syllabus outline,Neutral
The session was informative but routine,Neutral
I made notes for future reference,Neutral
The lecture matched the timetable,Neutral
I completed my daily study goal,Neutral
The day was academically normal,Neutral
The subject is interesting but needs more revision,Positive
The explanation was decent,Positive
I studied but got distracted midway,Positive
The professor answered questions,Positive
The class environment was normal,Positive
"I learned a bit, not much",Negative
I revised previous topics,Negative
The pace was manageable,Negative
The session ended quickly,Negative
The lecture was okay overall,Negative
The assignment was moderate,Neutral
I practiced coding today,Neutral
I did a quick revision,Neutral
The class was conducted as usual,Neutral
I listened and took notes,Neutral
I studied ML concepts,Positive
I solved some math problems,Positive
I read reference material,Positive
The day was normal academically,Positive
I worked on pending tasks,Positive
I revised a subject briefly,Negative
The lecture was conducted on time,Negative
I studied but didn’t track progress,Negative
I practiced questions without difficulty,Negative
I listened but didn’t ask doubts,Negative
I completed tasks but slowly,Neutral
The schedule was average,Neutral
The professor covered topics,Neutral
I studied AI concepts today,Neutral
I practiced PCA problems,Neutral
